[
    {
        "school":"[Clemson University](http://www.clemson.edu/)",
        "degree":"Master's of Science",
        "major":"Market Research",
        "notes":"Thesis Presented at 2015 SMA Conference on Life History Theory and Affect on Indulgence",
        "range":"2014 - 2015"
    },
    {
        "school":"[Berry College](https://www.berry.edu/)",
        "degree":"Bachelor's of Science",
        "major":"Psychology",
        "notes":"4 Year Varsity Soccer Player",
        "range":"2010 - 2014"
    }
]
